candidato,partido,nombre_puesto,municipio,departamento,votos
Candidato1,PartidoA,Puesto100,SAN VICENTE FERRER,ANTIOQUIA,83
Candidato1,PartidoA,Puesto1003,VENADILLO,TOLIMA,41
Candidato1,PartidoA,Puesto1006,CALI,VALLE DEL CAUCA,31
Candidato1,PartidoA,Puesto1013,GUADALAJARA DE BUGA,VALLE DEL CAUCA,6
Candidato1,PartidoA,Puesto1014,BUGALAGRANDE,VALLE DEL CAUCA,80
Candidato1,PartidoA,Puesto1017,CANDELARIA,VALLE DEL CAUCA,38
Candidato1,PartidoA,Puesto103,SANTO DOMINGO,ANTIOQUIA,13
Candidato1,PartidoA,Puesto1044,VIJES,VALLE DEL CAUCA,43
Candidato1,PartidoA,Puesto1053,SARAVENA,ARAUCA,91
Candidato1,PartidoA,Puesto1062,NUNCHÍA,CASANARE,50
Candidato1,PartidoA,Puesto1086,VILLAGARZÓN,PUTUMAYO,44
Candidato1,PartidoA,Puesto1089,LETICIA,AMAZONAS,15
Candidato1,PartidoA,Puesto109,TARAZÁ,ANTIOQUIA,51
Candidato1,PartidoA,Puesto1095,PUERTO ALEGRÍA,AMAZONAS,41
Candidato1,PartidoA,Puesto1097,PUERTO NARIÑO,AMAZONAS,74
Candidato1,PartidoA,Puesto1107,MORICHAL,GUAINÍA,17
Candidato1,PartidoA,Puesto1109,CALAMAR,GUAVIARE,41
Candidato1,PartidoA,Puesto111,TITIRIBÍ,ANTIOQUIA,33
Candidato1,PartidoA,Puesto1118,PUERTO CARREÑO,VICHADA,77
Candidato1,PartidoA,Puesto114,URAMITA,ANTIOQUIA,10
Candidato1,PartidoA,Puesto121,YALÍ,ANTIOQUIA,67
Candidato1,PartidoA,Puesto124,YONDÓ,ANTIOQUIA,12
Candidato1,PartidoA,Puesto133,MALAMBO,ATLÁNTICO,41
Candidato1,PartidoA,Puesto139,PUERTO COLOMBIA,ATLÁNTICO,62
Candidato1,PartidoA,Puesto140,REPELÓN,ATLÁNTICO,100
Candidato1,PartidoA,Puesto158,CANTAGALLO,BOLÍVAR,8
Candidato1,PartidoA,Puesto159,CICUCO,BOLÍVAR,2
Candidato1,PartidoA,Puesto174,PINILLOS,BOLÍVAR,44
Candidato1,PartidoA,Puesto176,RÍO VIEJO,BOLÍVAR,83
Candidato1,PartidoA,Puesto180,SAN JACINTO,BOLÍVAR,62
Candidato1,PartidoA,Puesto189,SOPLAVIENTO,BOLÍVAR,56
Candidato1,PartidoA,Puesto200,BELÉN,BOYACÁ,22
Candidato1,PartidoA,Puesto205,BRICEÑO,BOYACÁ,42
Candidato1,PartidoA,Puesto217,CIÉNEGA,BOYACÁ,21
Candidato1,PartidoA,Puesto24,BURITICÁ,ANTIOQUIA,90
Candidato1,PartidoA,Puesto243,LA CAPILLA,BOYACÁ,60
Candidato1,PartidoA,Puesto260,PÁEZ,BOYACÁ,8
Candidato1,PartidoA,Puesto280,SAN MATEO,BOYACÁ,24
Candidato1,PartidoA,Puesto285,SANTA ROSA DE VITERBO,BOYACÁ,84
Candidato1,PartidoA,Puesto288,SATIVASUR,BOYACÁ,53
Candidato1,PartidoA,Puesto328,MANZANARES,CALDAS,52
Candidato1,PartidoA,Puesto329,MARMATO,CALDAS,75
Candidato1,PartidoA,Puesto33,EL CARMEN DE VIBORAL,ANTIOQUIA,100
Candidato1,PartidoA,Puesto330,MARQUETALIA,CALDAS,34
Candidato1,PartidoA,Puesto340,SAMANÁ,CALDAS,19
Candidato1,PartidoA,Puesto342,SUPÍA,CALDAS,51
Candidato1,PartidoA,Puesto344,VILLAMARÍA,CALDAS,44
Candidato1,PartidoA,Puesto359,SOLANO,CAQUETÁ,72
Candidato1,PartidoA,Puesto367,BUENOS AIRES,CAUCA,35
Candidato1,PartidoA,Puesto37,CISNEROS,ANTIOQUIA,30
Candidato1,PartidoA,Puesto371,CORINTO,CAUCA,20
Candidato1,PartidoA,Puesto373,FLORENCIA,CAUCA,70
Candidato1,PartidoA,Puesto378,LA SIERRA,CAUCA,76
Candidato1,PartidoA,Puesto385,PÁEZ,CAUCA,100
Candidato1,PartidoA,Puesto386,PATÍA,CAUCA,84
Candidato1,PartidoA,Puesto397,SUÁREZ,CAUCA,91
Candidato1,PartidoA,Puesto4,ALEJANDRÍA,ANTIOQUIA,100
Candidato1,PartidoA,Puesto411,CHIRIGUANÁ,CESAR,41
Candidato1,PartidoA,Puesto415,GAMARRA,CESAR,54
Candidato1,PartidoA,Puesto416,GONZÁLEZ,CESAR,33
Candidato1,PartidoA,Puesto438,LA APARTADA,CÓRDOBA,56
Candidato1,PartidoA,Puesto442,MONTELÍBANO,CÓRDOBA,4
Candidato1,PartidoA,Puesto452,SAN BERNARDO DEL VIENTO,CÓRDOBA,99
Candidato1,PartidoA,Puesto460,ALBÁN,CUNDINAMARCA,51
Candidato1,PartidoA,Puesto461,ANAPOIMA,CUNDINAMARCA,49
Candidato1,PartidoA,Puesto478,COGUA,CUNDINAMARCA,54
Candidato1,PartidoA,Puesto480,CUCUNUBÁ,CUNDINAMARCA,10
Candidato1,PartidoA,Puesto485,FÓMEQUE,CUNDINAMARCA,76
Candidato1,PartidoA,Puesto49,FRONTINO,ANTIOQUIA,14
Candidato1,PartidoA,Puesto492,GACHETÁ,CUNDINAMARCA,42
Candidato1,PartidoA,Puesto507,LA MESA,CUNDINAMARCA,42
Candidato1,PartidoA,Puesto51,GIRARDOTA,ANTIOQUIA,25
Candidato1,PartidoA,Puesto512,MACHETÁ,CUNDINAMARCA,41
Candidato1,PartidoA,Puesto515,MEDINA,CUNDINAMARCA,75
Candidato1,PartidoA,Puesto522,VENECIA,CUNDINAMARCA,93
Candidato1,PartidoA,Puesto540,SASAIMA,CUNDINAMARCA,73
Candidato1,PartidoA,Puesto543,SILVANIA,CUNDINAMARCA,66
Candidato1,PartidoA,Puesto553,TAUSA,CUNDINAMARCA,66
Candidato1,PartidoA,Puesto554,TENA,CUNDINAMARCA,25
Candidato1,PartidoA,Puesto565,ÚTICA,CUNDINAMARCA,6
Candidato1,PartidoA,Puesto566,VERGARA,CUNDINAMARCA,59
Candidato1,PartidoA,Puesto567,VIANÍ,CUNDINAMARCA,1
Candidato1,PartidoA,Puesto570,VILLETA,CUNDINAMARCA,38
Candidato1,PartidoA,Puesto585,CÉRTEGUI,CHOCÓ,69
Candidato1,PartidoA,Puesto586,CONDOTO,CHOCÓ,36
Candidato1,PartidoA,Puesto592,MEDIO ATRATO,CHOCÓ,91
Candidato1,PartidoA,Puesto596,NUQUÍ,CHOCÓ,95
Candidato1,PartidoA,Puesto597,RÍO IRÓ,CHOCÓ,45
Candidato1,PartidoA,Puesto598,RÍO QUITO,CHOCÓ,86
Candidato1,PartidoA,Puesto607,AGRADO,HUILA,7
Candidato1,PartidoA,Puesto611,BARAYA,HUILA,6
Candidato1,PartidoA,Puesto616,GIGANTE,HUILA,9
Candidato1,PartidoA,Puesto618,HOBO,HUILA,60
Candidato1,PartidoA,Puesto619,ÍQUIRA,HUILA,95
Candidato1,PartidoA,Puesto632,SAN AGUSTÍN,HUILA,54
Candidato1,PartidoA,Puesto634,SUAZA,HUILA,36
Candidato1,PartidoA,Puesto639,TIMANÁ,HUILA,65
Candidato1,PartidoA,Puesto642,RIOHACHA,LA GUAJIRA,2
Candidato1,PartidoA,Puesto66,LA UNIÓN,ANTIOQUIA,44
Candidato1,PartidoA,Puesto67,LIBORINA,ANTIOQUIA,47
Candidato1,PartidoA,Puesto676,REMOLINO,MAGDALENA,20
Candidato1,PartidoA,Puesto682,SANTA BÁRBARA DE PINTO,MAGDALENA,56
Candidato1,PartidoA,Puesto685,ZAPAYÁN,MAGDALENA,54
Candidato1,PartidoA,Puesto689,BARRANCA DE UPÍA,META,26
Candidato1,PartidoA,Puesto690,CABUYARO,META,82
Candidato1,PartidoA,Puesto695,EL CASTILLO,META,37
Candidato1,PartidoA,Puesto696,EL DORADO,META,50
Candidato1,PartidoA,Puesto711,SAN CARLOS DE GUAROA,META,86
Candidato1,PartidoA,Puesto72,MUTATÁ,ANTIOQUIA,9
Candidato1,PartidoA,Puesto722,BELÉN,NARIÑO,82
Candidato1,PartidoA,Puesto734,EL ROSARIO,NARIÑO,8
Candidato1,PartidoA,Puesto74,NECOCLÍ,ANTIOQUIA,16
Candidato1,PartidoA,Puesto749,LEIVA,NARIÑO,60
Candidato1,PartidoA,Puesto750,LINARES,NARIÑO,43
Candidato1,PartidoA,Puesto756,OLAYA HERRERA,NARIÑO,52
Candidato1,PartidoA,Puesto772,SANTA BÁRBARA,NARIÑO,6
Candidato1,PartidoA,Puesto778,TÚQUERRES,NARIÑO,98
Candidato1,PartidoA,Puesto780,SAN JOSÉ DE CÚCUTA,NORTE DE SANTANDER,68
Candidato1,PartidoA,Puesto783,BOCHALEMA,NORTE DE SANTANDER,39
Candidato1,PartidoA,Puesto788,CHITAGÁ,NORTE DE SANTANDER,44
Candidato1,PartidoA,Puesto789,CONVENCIÓN,NORTE DE SANTANDER,74
Candidato1,PartidoA,Puesto79,PUEBLORRICO,ANTIOQUIA,80
Candidato1,PartidoA,Puesto791,DURANIA,NORTE DE SANTANDER,48
Candidato1,PartidoA,Puesto792,EL CARMEN,NORTE DE SANTANDER,85
Candidato1,PartidoA,Puesto805,PAMPLONA,NORTE DE SANTANDER,83
Candidato1,PartidoA,Puesto806,PAMPLONITA,NORTE DE SANTANDER,67
Candidato1,PartidoA,Puesto818,VILLA CARO,NORTE DE SANTANDER,69
Candidato1,PartidoA,Puesto825,FILANDIA,QUINDÍO,57
Candidato1,PartidoA,Puesto830,QUIMBAYA,QUINDÍO,30
Candidato1,PartidoA,Puesto831,SALENTO,QUINDÍO,82
Candidato1,PartidoA,Puesto832,PEREIRA,RISARALDA,68
Candidato1,PartidoA,Puesto833,APÍA,RISARALDA,51
Candidato1,PartidoA,Puesto835,BELÉN DE UMBRÍA,RISARALDA,24
Candidato1,PartidoA,Puesto840,MARSELLA,RISARALDA,84
Candidato1,PartidoA,Puesto843,QUINCHÍA,RISARALDA,39
Candidato1,PartidoA,Puesto860,CERRITO,SANTANDER,39
Candidato1,PartidoA,Puesto864,CHIPATÁ,SANTANDER,30
Candidato1,PartidoA,Puesto870,CURITÍ,SANTANDER,22
Candidato1,PartidoA,Puesto874,EL PLAYÓN,SANTANDER,35
Candidato1,PartidoA,Puesto879,GALÁN,SANTANDER,25
Candidato1,PartidoA,Puesto883,GUADALUPE,SANTANDER,26
Candidato1,PartidoA,Puesto886,GÜEPSA,SANTANDER,71
Candidato1,PartidoA,Puesto892,LA PAZ,SANTANDER,94
Candidato1,PartidoA,Puesto90,SAN CARLOS,ANTIOQUIA,84
Candidato1,PartidoA,Puesto901,OIBA,SANTANDER,35
Candidato1,PartidoA,Puesto915,SAN GIL,SANTANDER,24
Candidato1,PartidoA,Puesto917,SAN JOSÉ DE MIRANDA,SANTANDER,33
Candidato1,PartidoA,Puesto918,SAN MIGUEL,SANTANDER,94
Candidato1,PartidoA,Puesto934,BUENAVISTA,SUCRE,33
Candidato1,PartidoA,Puesto935,CAIMITO,SUCRE,22
Candidato1,PartidoA,Puesto938,COVEÑAS,SUCRE,51
Candidato1,PartidoA,Puesto946,MORROA,SUCRE,40
Candidato1,PartidoA,Puesto952,SAN MARCOS,SUCRE,68
Candidato1,PartidoA,Puesto96,SAN PEDRO DE LOS MILAGROS,ANTIOQUIA,9
Candidato1,PartidoA,Puesto962,AMBALEMA,TOLIMA,6
Candidato1,PartidoA,Puesto965,ATACO,TOLIMA,18
Candidato1,PartidoA,Puesto967,CARMEN DE APICALÁ,TOLIMA,55
Candidato1,PartidoA,Puesto976,FLANDES,TOLIMA,15
Candidato1,PartidoA,Puesto986,MURILLO,TOLIMA,14
Candidato1,PartidoA,Puesto987,NATAGAIMA,TOLIMA,33
Candidato1,PartidoA,Puesto990,PIEDRAS,TOLIMA,88
Candidato1,PartidoA,Puesto994,RIOBLANCO,TOLIMA,67
Candidato1,PartidoA,Puesto999,SAN LUIS,TOLIMA,62
Candidato2,PartidoB,Puesto1008,ANDALUCÍA,VALLE DEL CAUCA,43
Candidato2,PartidoB,Puesto1012,BUENAVENTURA,VALLE DEL CAUCA,28
Candidato2,PartidoB,Puesto1019,DAGUA,VALLE DEL CAUCA,1
Candidato2,PartidoB,Puesto1020,EL ÁGUILA,VALLE DEL CAUCA,55
Candidato2,PartidoB,Puesto1028,LA CUMBRE,VALLE DEL CAUCA,33
Candidato2,PartidoB,Puesto1033,PRADERA,VALLE DEL CAUCA,83
Candidato2,PartidoB,Puesto1047,ZARZAL,VALLE DEL CAUCA,75
Candidato2,PartidoB,Puesto1056,AGUAZUL,CASANARE,33
Candidato2,PartidoB,Puesto1060,MANÍ,CASANARE,53
Candidato2,PartidoB,Puesto1076,ORITO,PUTUMAYO,80
Candidato2,PartidoB,Puesto108,TÁMESIS,ANTIOQUIA,75
Candidato2,PartidoB,Puesto1083,SAN MIGUEL,PUTUMAYO,42
Candidato2,PartidoB,Puesto1090,EL ENCANTO,AMAZONAS,47
Candidato2,PartidoB,Puesto1096,PUERTO ARICA,AMAZONAS,70
Candidato2,PartidoB,Puesto11,SANTA FÉ DE ANTIOQUIA,ANTIOQUIA,86
Candidato2,PartidoB,Puesto1102,SAN FELIPE,GUAINÍA,95
Candidato2,PartidoB,Puesto1106,PANA PANA,GUAINÍA,88
Candidato2,PartidoB,Puesto112,TOLEDO,ANTIOQUIA,43
Candidato2,PartidoB,Puesto113,TURBO,ANTIOQUIA,61
Candidato2,PartidoB,Puesto119,VENECIA,ANTIOQUIA,74
Candidato2,PartidoB,Puesto130,GALAPA,ATLÁNTICO,92
Candidato2,PartidoB,Puesto135,PALMAR DE VARELA,ATLÁNTICO,0
Candidato2,PartidoB,Puesto148,USIACURÍ,ATLÁNTICO,39
Candidato2,PartidoB,Puesto166,MAGANGUÉ,BOLÍVAR,74
Candidato2,PartidoB,Puesto199,ARCABUCO,BOYACÁ,100
Candidato2,PartidoB,Puesto203,BOAVITA,BOYACÁ,62
Candidato2,PartidoB,Puesto204,BOYACÁ,BOYACÁ,4
Candidato2,PartidoB,Puesto209,CAMPOHERMOSO,BOYACÁ,27
Candidato2,PartidoB,Puesto210,CERINZA,BOYACÁ,99
Candidato2,PartidoB,Puesto213,CHISCAS,BOYACÁ,9
Candidato2,PartidoB,Puesto214,CHITA,BOYACÁ,75
Candidato2,PartidoB,Puesto223,CUCAITA,BOYACÁ,47
Candidato2,PartidoB,Puesto234,GARAGOA,BOYACÁ,81
Candidato2,PartidoB,Puesto237,GUAYATÁ,BOYACÁ,77
Candidato2,PartidoB,Puesto238,GÜICÁN DE LA SIERRA,BOYACÁ,21
Candidato2,PartidoB,Puesto244,LA VICTORIA,BOYACÁ,2
Candidato2,PartidoB,Puesto248,MARIPÍ,BOYACÁ,2
Candidato2,PartidoB,Puesto256,NUEVO COLÓN,BOYACÁ,24
Candidato2,PartidoB,Puesto259,PACHAVITA,BOYACÁ,21
Candidato2,PartidoB,Puesto262,PAJARITO,BOYACÁ,72
Candidato2,PartidoB,Puesto269,PUERTO BOYACÁ,BOYACÁ,80
Candidato2,PartidoB,Puesto274,SABOYÁ,BOYACÁ,74
Candidato2,PartidoB,Puesto276,SAMACÁ,BOYACÁ,95
Candidato2,PartidoB,Puesto284,SANTA MARÍA,BOYACÁ,87
Candidato2,PartidoB,Puesto289,SIACHOQUE,BOYACÁ,19
Candidato2,PartidoB,Puesto292,SOCHA,BOYACÁ,81
Candidato2,PartidoB,Puesto293,SOGAMOSO,BOYACÁ,91
Candidato2,PartidoB,Puesto296,SOTAQUIRÁ,BOYACÁ,38
Candidato2,PartidoB,Puesto3,ABRIAQUÍ,ANTIOQUIA,34
Candidato2,PartidoB,Puesto304,TIBASOSA,BOYACÁ,24
Candidato2,PartidoB,Puesto311,TUNUNGUÁ,BOYACÁ,20
Candidato2,PartidoB,Puesto321,ANSERMA,CALDAS,42
Candidato2,PartidoB,Puesto322,ARANZAZU,CALDAS,36
Candidato2,PartidoB,Puesto332,NEIRA,CALDAS,50
Candidato2,PartidoB,Puesto335,PALESTINA,CALDAS,56
Candidato2,PartidoB,Puesto348,BELÉN DE LOS ANDAQUÍES,CAQUETÁ,88
Candidato2,PartidoB,Puesto354,MILÁN,CAQUETÁ,3
Candidato2,PartidoB,Puesto355,MORELIA,CAQUETÁ,16
Candidato2,PartidoB,Puesto365,BALBOA,CAUCA,90
Candidato2,PartidoB,Puesto366,BOLÍVAR,CAUCA,35
Candidato2,PartidoB,Puesto375,GUAPI,CAUCA,38
Candidato2,PartidoB,Puesto379,LA VEGA,CAUCA,66
Candidato2,PartidoB,Puesto382,MIRANDA,CAUCA,81
Candidato2,PartidoB,Puesto391,ROSAS,CAUCA,49
Candidato2,PartidoB,Puesto396,SOTARÁ PAISPAMBA,CAUCA,37
Candidato2,PartidoB,Puesto40,CONCORDIA,ANTIOQUIA,55
Candidato2,PartidoB,Puesto421,PELAYA,CESAR,27
Candidato2,PartidoB,Puesto430,AYAPEL,CÓRDOBA,90
Candidato2,PartidoB,Puesto432,CANALETE,CÓRDOBA,58
Candidato2,PartidoB,Puesto440,LOS CÓRDOBAS,CÓRDOBA,84
Candidato2,PartidoB,Puesto447,PUERTO LIBERTADOR,CÓRDOBA,41
Candidato2,PartidoB,Puesto449,SAHAGÚN,CÓRDOBA,66
Candidato2,PartidoB,Puesto453,SAN CARLOS,CÓRDOBA,10
Candidato2,PartidoB,Puesto459,AGUA DE DIOS,CUNDINAMARCA,13
Candidato2,PartidoB,Puesto462,ANOLAIMA,CUNDINAMARCA,68
Candidato2,PartidoB,Puesto481,EL COLEGIO,CUNDINAMARCA,69
Candidato2,PartidoB,Puesto484,FACATATIVÁ,CUNDINAMARCA,10
Candidato2,PartidoB,Puesto488,FÚQUENE,CUNDINAMARCA,97
Candidato2,PartidoB,Puesto5,AMAGÁ,ANTIOQUIA,80
Candidato2,PartidoB,Puesto514,MANTA,CUNDINAMARCA,6
Candidato2,PartidoB,Puesto523,PACHO,CUNDINAMARCA,36
Candidato2,PartidoB,Puesto524,PAIME,CUNDINAMARCA,93
Candidato2,PartidoB,Puesto530,QUEBRADANEGRA,CUNDINAMARCA,72
Candidato2,PartidoB,Puesto538,SAN FRANCISCO,CUNDINAMARCA,46
Candidato2,PartidoB,Puesto54,GUADALUPE,ANTIOQUIA,73
Candidato2,PartidoB,Puesto545,SOACHA,CUNDINAMARCA,54
Candidato2,PartidoB,Puesto547,SUBACHOQUE,CUNDINAMARCA,24
Candidato2,PartidoB,Puesto559,TOCANCIPÁ,CUNDINAMARCA,67
Candidato2,PartidoB,Puesto56,GUATAPÉ,ANTIOQUIA,34
Candidato2,PartidoB,Puesto560,TOPAIPÍ,CUNDINAMARCA,98
Candidato2,PartidoB,Puesto561,UBALÁ,CUNDINAMARCA,74
Candidato2,PartidoB,Puesto575,QUIBDÓ,CHOCÓ,12
Candidato2,PartidoB,Puesto578,ATRATO,CHOCÓ,69
Candidato2,PartidoB,Puesto590,JURADÓ,CHOCÓ,74
Candidato2,PartidoB,Puesto6,AMALFI,ANTIOQUIA,70
Candidato2,PartidoB,Puesto60,ITUANGO,ANTIOQUIA,63
Candidato2,PartidoB,Puesto602,TADÓ,CHOCÓ,7
Candidato2,PartidoB,Puesto623,NÁTAGA,HUILA,38
Candidato2,PartidoB,Puesto628,PITAL,HUILA,15
Candidato2,PartidoB,Puesto641,YAGUARÁ,HUILA,16
Candidato2,PartidoB,Puesto643,ALBANIA,LA GUAJIRA,36
Candidato2,PartidoB,Puesto65,LA PINTADA,ANTIOQUIA,22
Candidato2,PartidoB,Puesto659,ARACATACA,MAGDALENA,87
Candidato2,PartidoB,Puesto664,CONCORDIA,MAGDALENA,94
Candidato2,PartidoB,Puesto668,FUNDACIÓN,MAGDALENA,31
Candidato2,PartidoB,Puesto674,PLATO,MAGDALENA,29
Candidato2,PartidoB,Puesto675,PUEBLOVIEJO,MAGDALENA,57
Candidato2,PartidoB,Puesto684,TENERIFE,MAGDALENA,18
Candidato2,PartidoB,Puesto686,ZONA BANANERA,MAGDALENA,7
Candidato2,PartidoB,Puesto692,CUBARRAL,META,16
Candidato2,PartidoB,Puesto699,GUAMAL,META,20
Candidato2,PartidoB,Puesto700,MAPIRIPÁN,META,26
Candidato2,PartidoB,Puesto702,LA MACARENA,META,7
Candidato2,PartidoB,Puesto705,PUERTO CONCORDIA,META,20
Candidato2,PartidoB,Puesto706,PUERTO GAITÁN,META,97
Candidato2,PartidoB,Puesto719,ANCUYA,NARIÑO,26
Candidato2,PartidoB,Puesto720,ARBOLEDA,NARIÑO,82
Candidato2,PartidoB,Puesto726,CONTADERO,NARIÑO,47
Candidato2,PartidoB,Puesto727,CÓRDOBA,NARIÑO,59
Candidato2,PartidoB,Puesto728,CUASPUD CARLOSAMA,NARIÑO,80
Candidato2,PartidoB,Puesto731,CHACHAGÜÍ,NARIÑO,13
Candidato2,PartidoB,Puesto732,EL CHARCO,NARIÑO,72
Candidato2,PartidoB,Puesto737,FUNES,NARIÑO,38
Candidato2,PartidoB,Puesto740,GUALMATÁN,NARIÑO,52
Candidato2,PartidoB,Puesto741,ILES,NARIÑO,21
Candidato2,PartidoB,Puesto747,LA TOLA,NARIÑO,11
Candidato2,PartidoB,Puesto752,MAGÜÍ,NARIÑO,3
Candidato2,PartidoB,Puesto753,MALLAMA,NARIÑO,98
Candidato2,PartidoB,Puesto760,POTOSÍ,NARIÑO,27
Candidato2,PartidoB,Puesto765,ROBERTO PAYÁN,NARIÑO,8
Candidato2,PartidoB,Puesto766,SAMANIEGO,NARIÑO,50
Candidato2,PartidoB,Puesto770,SAN PABLO,NARIÑO,50
Candidato2,PartidoB,Puesto779,YACUANQUER,NARIÑO,39
Candidato2,PartidoB,Puesto801,LOS PATIOS,NORTE DE SANTANDER,41
Candidato2,PartidoB,Puesto803,MUTISCUA,NORTE DE SANTANDER,96
Candidato2,PartidoB,Puesto807,PUERTO SANTANDER,NORTE DE SANTANDER,44
Candidato2,PartidoB,Puesto812,SANTIAGO,NORTE DE SANTANDER,36
Candidato2,PartidoB,Puesto816,TIBÚ,NORTE DE SANTANDER,94
Candidato2,PartidoB,Puesto820,ARMENIA,QUINDÍO,13
Candidato2,PartidoB,Puesto822,CALARCÁ,QUINDÍO,5
Candidato2,PartidoB,Puesto83,REMEDIOS,ANTIOQUIA,72
Candidato2,PartidoB,Puesto834,BALBOA,RISARALDA,13
Candidato2,PartidoB,Puesto839,LA VIRGINIA,RISARALDA,53
Candidato2,PartidoB,Puesto84,RETIRO,ANTIOQUIA,41
Candidato2,PartidoB,Puesto845,SANTUARIO,RISARALDA,47
Candidato2,PartidoB,Puesto85,RIONEGRO,ANTIOQUIA,10
Candidato2,PartidoB,Puesto854,BOLÍVAR,SANTANDER,72
Candidato2,PartidoB,Puesto86,SABANALARGA,ANTIOQUIA,42
Candidato2,PartidoB,Puesto871,EL CARMEN DE CHUCURÍ,SANTANDER,100
Candidato2,PartidoB,Puesto872,EL GUACAMAYO,SANTANDER,3
Candidato2,PartidoB,Puesto877,FLORIÁN,SANTANDER,5
Candidato2,PartidoB,Puesto882,GUACA,SANTANDER,67
Candidato2,PartidoB,Puesto890,LA BELLEZA,SANTANDER,63
Candidato2,PartidoB,Puesto891,LANDÁZURI,SANTANDER,61
Candidato2,PartidoB,Puesto897,MATANZA,SANTANDER,15
Candidato2,PartidoB,Puesto9,ANGOSTURA,ANTIOQUIA,52
Candidato2,PartidoB,Puesto906,PIEDECUESTA,SANTANDER,50
Candidato2,PartidoB,Puesto913,SAN ANDRÉS,SANTANDER,24
Candidato2,PartidoB,Puesto925,SUCRE,SANTANDER,85
Candidato2,PartidoB,Puesto930,VETAS,SANTANDER,7
Candidato2,PartidoB,Puesto939,CHALÁN,SUCRE,23
Candidato2,PartidoB,Puesto949,SAMPUÉS,SUCRE,1
Candidato2,PartidoB,Puesto953,SAN ONOFRE,SUCRE,37
Candidato2,PartidoB,Puesto960,ALPUJARRA,TOLIMA,35
Candidato2,PartidoB,Puesto968,CASABIANCA,TOLIMA,65
Candidato2,PartidoB,Puesto983,LÍBANO,TOLIMA,86
Candidato2,PartidoB,Puesto989,PALOCABILDO,TOLIMA,45
Candidato3,PartidoC,Puesto1016,CALIMA,VALLE DEL CAUCA,70
Candidato3,PartidoC,Puesto1021,EL CAIRO,VALLE DEL CAUCA,51
Candidato3,PartidoC,Puesto1043,VERSALLES,VALLE DEL CAUCA,48
Candidato3,PartidoC,Puesto1050,CRAVO NORTE,ARAUCA,70
Candidato3,PartidoC,Puesto1055,YOPAL,CASANARE,10
Candidato3,PartidoC,Puesto1057,CHÁMEZA,CASANARE,2
Candidato3,PartidoC,Puesto1063,OROCUÉ,CASANARE,44
Candidato3,PartidoC,Puesto1070,TÁMARA,CASANARE,4
Candidato3,PartidoC,Puesto1071,TAURAMENA,CASANARE,51
Candidato3,PartidoC,Puesto1081,SIBUNDOY,PUTUMAYO,84
Candidato3,PartidoC,Puesto110,TARSO,ANTIOQUIA,56
Candidato3,PartidoC,Puesto1105,CACAHUAL,GUAINÍA,50
Candidato3,PartidoC,Puesto1108,SAN JOSÉ DEL GUAVIARE,GUAVIARE,82
Candidato3,PartidoC,Puesto1114,PACOA,VAUPÉS,41
Candidato3,PartidoC,Puesto1119,LA PRIMAVERA,VICHADA,83
Candidato3,PartidoC,Puesto116,VALDIVIA,ANTIOQUIA,16
Candidato3,PartidoC,Puesto123,YOLOMBÓ,ANTIOQUIA,46
Candidato3,PartidoC,Puesto129,CANDELARIA,ATLÁNTICO,27
Candidato3,PartidoC,Puesto13,APARTADÓ,ANTIOQUIA,54
Candidato3,PartidoC,Puesto131,JUAN DE ACOSTA,ATLÁNTICO,98
Candidato3,PartidoC,Puesto132,LURUACO,ATLÁNTICO,55
Candidato3,PartidoC,Puesto136,PIOJÓ,ATLÁNTICO,59
Candidato3,PartidoC,Puesto138,PONEDERA,ATLÁNTICO,36
Candidato3,PartidoC,Puesto144,SANTO TOMÁS,ATLÁNTICO,97
Candidato3,PartidoC,Puesto151,ACHÍ,BOLÍVAR,20
Candidato3,PartidoC,Puesto167,MAHATES,BOLÍVAR,91
Candidato3,PartidoC,Puesto17,BARBOSA,ANTIOQUIA,27
Candidato3,PartidoC,Puesto172,MORALES,BOLÍVAR,52
Candidato3,PartidoC,Puesto177,SAN CRISTÓBAL,BOLÍVAR,86
Candidato3,PartidoC,Puesto179,SAN FERNANDO,BOLÍVAR,21
Candidato3,PartidoC,Puesto181,SAN JACINTO DEL CAUCA,BOLÍVAR,9
Candidato3,PartidoC,Puesto186,SANTA ROSA,BOLÍVAR,5
Candidato3,PartidoC,Puesto191,TIQUISIO,BOLÍVAR,87
Candidato3,PartidoC,Puesto201,BERBEO,BOYACÁ,1
Candidato3,PartidoC,Puesto206,BUENAVISTA,BOYACÁ,98
Candidato3,PartidoC,Puesto207,BUSBANZÁ,BOYACÁ,12
Candidato3,PartidoC,Puesto208,CALDAS,BOYACÁ,57
Candidato3,PartidoC,Puesto211,CHINAVITA,BOYACÁ,56
Candidato3,PartidoC,Puesto227,DUITAMA,BOYACÁ,68
Candidato3,PartidoC,Puesto228,EL COCUY,BOYACÁ,2
Candidato3,PartidoC,Puesto233,GÁMEZA,BOYACÁ,49
Candidato3,PartidoC,Puesto241,JERICÓ,BOYACÁ,25
Candidato3,PartidoC,Puesto249,MIRAFLORES,BOYACÁ,92
Candidato3,PartidoC,Puesto25,CÁCERES,ANTIOQUIA,60
Candidato3,PartidoC,Puesto253,MOTAVITA,BOYACÁ,34
Candidato3,PartidoC,Puesto258,OTANCHE,BOYACÁ,6
Candidato3,PartidoC,Puesto266,PAZ DE RÍO,BOYACÁ,83
Candidato3,PartidoC,Puesto270,QUÍPAMA,BOYACÁ,72
Candidato3,PartidoC,Puesto281,SAN MIGUEL DE SEMA,BOYACÁ,2
Candidato3,PartidoC,Puesto282,SAN PABLO DE BORBUR,BOYACÁ,63
Candidato3,PartidoC,Puesto287,SATIVANORTE,BOYACÁ,87
Candidato3,PartidoC,Puesto29,CAÑASGORDAS,ANTIOQUIA,67
Candidato3,PartidoC,Puesto297,SORACÁ,BOYACÁ,17
Candidato3,PartidoC,Puesto298,SUSACÓN,BOYACÁ,73
Candidato3,PartidoC,Puesto313,TUTA,BOYACÁ,89
Candidato3,PartidoC,Puesto320,AGUADAS,CALDAS,82
Candidato3,PartidoC,Puesto334,PÁCORA,CALDAS,11
Candidato3,PartidoC,Puesto338,RISARALDA,CALDAS,40
Candidato3,PartidoC,Puesto341,SAN JOSÉ,CALDAS,38
Candidato3,PartidoC,Puesto345,VITERBO,CALDAS,34
Candidato3,PartidoC,Puesto346,FLORENCIA,CAQUETÁ,61
Candidato3,PartidoC,Puesto350,CURILLO,CAQUETÁ,31
Candidato3,PartidoC,Puesto352,EL PAUJÍL,CAQUETÁ,98
Candidato3,PartidoC,Puesto357,SAN JOSÉ DEL FRAGUA,CAQUETÁ,75
Candidato3,PartidoC,Puesto369,CALDONO,CAUCA,24
Candidato3,PartidoC,Puesto372,EL TAMBO,CAUCA,100
Candidato3,PartidoC,Puesto383,MORALES,CAUCA,90
Candidato3,PartidoC,Puesto388,PIENDAMÓ - TUNÍA,CAUCA,98
Candidato3,PartidoC,Puesto393,SANTANDER DE QUILICHAO,CAUCA,63
Candidato3,PartidoC,Puesto398,SUCRE,CAUCA,27
Candidato3,PartidoC,Puesto408,BECERRIL,CESAR,69
Candidato3,PartidoC,Puesto41,COPACABANA,ANTIOQUIA,64
Candidato3,PartidoC,Puesto424,LA PAZ,CESAR,64
Candidato3,PartidoC,Puesto427,SAN MARTÍN,CESAR,72
Candidato3,PartidoC,Puesto43,DONMATÍAS,ANTIOQUIA,22
Candidato3,PartidoC,Puesto44,EBÉJICO,ANTIOQUIA,52
Candidato3,PartidoC,Puesto455,SAN PELAYO,CÓRDOBA,100
Candidato3,PartidoC,Puesto463,ARBELÁEZ,CUNDINAMARCA,10
Candidato3,PartidoC,Puesto465,BITUIMA,CUNDINAMARCA,19
Candidato3,PartidoC,Puesto467,CABRERA,CUNDINAMARCA,83
Candidato3,PartidoC,Puesto471,CÁQUEZA,CUNDINAMARCA,72
Candidato3,PartidoC,Puesto476,CHOACHÍ,CUNDINAMARCA,57
Candidato3,PartidoC,Puesto479,COTA,CUNDINAMARCA,57
Candidato3,PartidoC,Puesto487,FUNZA,CUNDINAMARCA,18
Candidato3,PartidoC,Puesto489,FUSAGASUGÁ,CUNDINAMARCA,89
Candidato3,PartidoC,Puesto494,GIRARDOT,CUNDINAMARCA,6
Candidato3,PartidoC,Puesto495,GRANADA,CUNDINAMARCA,21
Candidato3,PartidoC,Puesto503,GUTIÉRREZ,CUNDINAMARCA,46
Candidato3,PartidoC,Puesto52,GÓMEZ PLATA,ANTIOQUIA,9
Candidato3,PartidoC,Puesto520,NIMAIMA,CUNDINAMARCA,90
Candidato3,PartidoC,Puesto526,PARATEBUENO,CUNDINAMARCA,24
Candidato3,PartidoC,Puesto528,PUERTO SALGAR,CUNDINAMARCA,45
Candidato3,PartidoC,Puesto529,PULÍ,CUNDINAMARCA,91
Candidato3,PartidoC,Puesto531,QUETAME,CUNDINAMARCA,96
Candidato3,PartidoC,Puesto534,RICAURTE,CUNDINAMARCA,21
Candidato3,PartidoC,Puesto537,SAN CAYETANO,CUNDINAMARCA,67
Candidato3,PartidoC,Puesto573,ZIPACÓN,CUNDINAMARCA,81
Candidato3,PartidoC,Puesto58,HISPANIA,ANTIOQUIA,46
Candidato3,PartidoC,Puesto581,BAJO BAUDÓ,CHOCÓ,54
Candidato3,PartidoC,Puesto591,LLORÓ,CHOCÓ,62
Candidato3,PartidoC,Puesto599,RIOSUCIO,CHOCÓ,15
Candidato3,PartidoC,Puesto608,AIPE,HUILA,78
Candidato3,PartidoC,Puesto61,JARDÍN,ANTIOQUIA,90
Candidato3,PartidoC,Puesto626,PALERMO,HUILA,10
Candidato3,PartidoC,Puesto629,PITALITO,HUILA,65
Candidato3,PartidoC,Puesto63,LA CEJA,ANTIOQUIA,83
Candidato3,PartidoC,Puesto631,SALADOBLANCO,HUILA,6
Candidato3,PartidoC,Puesto638,TERUEL,HUILA,72
Candidato3,PartidoC,Puesto653,SAN JUAN DEL CESAR,LA GUAJIRA,43
Candidato3,PartidoC,Puesto654,URIBIA,LA GUAJIRA,20
Candidato3,PartidoC,Puesto657,SANTA MARTA,MAGDALENA,64
Candidato3,PartidoC,Puesto658,ALGARROBO,MAGDALENA,69
Candidato3,PartidoC,Puesto660,ARIGUANÍ,MAGDALENA,34
Candidato3,PartidoC,Puesto662,CHIVOLO,MAGDALENA,24
Candidato3,PartidoC,Puesto679,SAN SEBASTIÁN DE BUENAVISTA,MAGDALENA,46
Candidato3,PartidoC,Puesto694,EL CALVARIO,META,33
Candidato3,PartidoC,Puesto697,FUENTE DE ORO,META,2
Candidato3,PartidoC,Puesto70,MONTEBELLO,ANTIOQUIA,41
Candidato3,PartidoC,Puesto703,URIBE,META,12
Candidato3,PartidoC,Puesto708,PUERTO LLERAS,META,51
Candidato3,PartidoC,Puesto716,PASTO,NARIÑO,74
Candidato3,PartidoC,Puesto725,CONSACÁ,NARIÑO,34
Candidato3,PartidoC,Puesto729,CUMBAL,NARIÑO,56
Candidato3,PartidoC,Puesto735,EL TABLÓN DE GÓMEZ,NARIÑO,2
Candidato3,PartidoC,Puesto75,NECHÍ,ANTIOQUIA,93
Candidato3,PartidoC,Puesto771,SAN PEDRO DE CARTAGO,NARIÑO,18
Candidato3,PartidoC,Puesto775,TAMINANGO,NARIÑO,81
Candidato3,PartidoC,Puesto781,ÁBREGO,NORTE DE SANTANDER,30
Candidato3,PartidoC,Puesto782,ARBOLEDAS,NORTE DE SANTANDER,83
Candidato3,PartidoC,Puesto784,BUCARASICA,NORTE DE SANTANDER,50
Candidato3,PartidoC,Puesto786,CÁCHIRA,NORTE DE SANTANDER,27
Candidato3,PartidoC,Puesto795,GRAMALOTE,NORTE DE SANTANDER,53
Candidato3,PartidoC,Puesto798,LABATECA,NORTE DE SANTANDER,29
Candidato3,PartidoC,Puesto799,LA ESPERANZA,NORTE DE SANTANDER,56
Candidato3,PartidoC,Puesto804,OCAÑA,NORTE DE SANTANDER,28
Candidato3,PartidoC,Puesto808,RAGONVALIA,NORTE DE SANTANDER,63
Candidato3,PartidoC,Puesto809,SALAZAR,NORTE DE SANTANDER,41
Candidato3,PartidoC,Puesto823,CIRCASIA,QUINDÍO,59
Candidato3,PartidoC,Puesto826,GÉNOVA,QUINDÍO,80
Candidato3,PartidoC,Puesto828,MONTENEGRO,QUINDÍO,69
Candidato3,PartidoC,Puesto842,PUEBLO RICO,RISARALDA,9
Candidato3,PartidoC,Puesto844,SANTA ROSA DE CABAL,RISARALDA,71
Candidato3,PartidoC,Puesto849,ARATOCA,SANTANDER,12
Candidato3,PartidoC,Puesto856,CALIFORNIA,SANTANDER,3
Candidato3,PartidoC,Puesto859,CEPITÁ,SANTANDER,27
Candidato3,PartidoC,Puesto862,CHARTA,SANTANDER,26
Candidato3,PartidoC,Puesto876,ENCISO,SANTANDER,8
Candidato3,PartidoC,Puesto881,GIRÓN,SANTANDER,41
Candidato3,PartidoC,Puesto89,SAN ANDRÉS DE CUERQUÍA,ANTIOQUIA,12
Candidato3,PartidoC,Puesto893,LEBRIJA,SANTANDER,45
Candidato3,PartidoC,Puesto895,MACARAVITA,SANTANDER,77
Candidato3,PartidoC,Puesto898,MOGOTES,SANTANDER,10
Candidato3,PartidoC,Puesto909,PUERTO PARRA,SANTANDER,20
Candidato3,PartidoC,Puesto91,SAN FRANCISCO,ANTIOQUIA,31
Candidato3,PartidoC,Puesto919,SAN VICENTE DE CHUCURÍ,SANTANDER,73
Candidato3,PartidoC,Puesto927,TONA,SANTANDER,87
Candidato3,PartidoC,Puesto928,VALLE DE SAN JOSÉ,SANTANDER,56
Candidato3,PartidoC,Puesto929,VÉLEZ,SANTANDER,91
Candidato3,PartidoC,Puesto937,COROZAL,SUCRE,37
Candidato3,PartidoC,Puesto94,SAN JUAN DE URABÁ,ANTIOQUIA,49
Candidato3,PartidoC,Puesto943,LA UNIÓN,SUCRE,56
Candidato3,PartidoC,Puesto996,ROVIRA,TOLIMA,14
Candidato4,PartidoD,Puesto1005,VILLARRICA,TOLIMA,68
Candidato4,PartidoD,Puesto101,SANTA BÁRBARA,ANTIOQUIA,23
Candidato4,PartidoD,Puesto1011,BOLÍVAR,VALLE DEL CAUCA,92
Candidato4,PartidoD,Puesto1027,JAMUNDÍ,VALLE DEL CAUCA,86
Candidato4,PartidoD,Puesto1029,LA UNIÓN,VALLE DEL CAUCA,54
Candidato4,PartidoD,Puesto1031,OBANDO,VALLE DEL CAUCA,44
Candidato4,PartidoD,Puesto1035,RIOFRÍO,VALLE DEL CAUCA,29
Candidato4,PartidoD,Puesto1048,ARAUCA,ARAUCA,4
Candidato4,PartidoD,Puesto1051,FORTUL,ARAUCA,61
Candidato4,PartidoD,Puesto1052,PUERTO RONDÓN,ARAUCA,75
Candidato4,PartidoD,Puesto1054,TAME,ARAUCA,34
Candidato4,PartidoD,Puesto106,SONSÓN,ANTIOQUIA,35
Candidato4,PartidoD,Puesto1074,MOCOA,PUTUMAYO,17
Candidato4,PartidoD,Puesto1080,PUERTO LEGUÍZAMO,PUTUMAYO,23
Candidato4,PartidoD,Puesto1084,SANTIAGO,PUTUMAYO,37
Candidato4,PartidoD,Puesto1093,LA VICTORIA,AMAZONAS,76
Candidato4,PartidoD,Puesto1099,TARAPACÁ,AMAZONAS,98
Candidato4,PartidoD,Puesto1101,BARRANCOMINAS,GUAINÍA,53
Candidato4,PartidoD,Puesto1104,LA GUADALUPE,GUAINÍA,84
Candidato4,PartidoD,Puesto1111,MIRAFLORES,GUAVIARE,63
Candidato4,PartidoD,Puesto1121,CUMARIBO,VICHADA,63
Candidato4,PartidoD,Puesto12,ANZÁ,ANTIOQUIA,43
Candidato4,PartidoD,Puesto122,YARUMAL,ANTIOQUIA,100
Candidato4,PartidoD,Puesto141,SABANAGRANDE,ATLÁNTICO,7
Candidato4,PartidoD,Puesto147,TUBARÁ,ATLÁNTICO,23
Candidato4,PartidoD,Puesto152,ALTOS DEL ROSARIO,BOLÍVAR,5
Candidato4,PartidoD,Puesto154,ARJONA,BOLÍVAR,1
Candidato4,PartidoD,Puesto16,ARMENIA,ANTIOQUIA,28
Candidato4,PartidoD,Puesto161,CLEMENCIA,BOLÍVAR,66
Candidato4,PartidoD,Puesto168,MARGARITA,BOLÍVAR,23
Candidato4,PartidoD,Puesto169,MARÍA LA BAJA,BOLÍVAR,54
Candidato4,PartidoD,Puesto173,NOROSÍ,BOLÍVAR,0
Candidato4,PartidoD,Puesto175,REGIDOR,BOLÍVAR,43
Candidato4,PartidoD,Puesto185,SANTA CATALINA,BOLÍVAR,62
Candidato4,PartidoD,Puesto188,SIMITÍ,BOLÍVAR,23
Candidato4,PartidoD,Puesto19,BELLO,ANTIOQUIA,100
Candidato4,PartidoD,Puesto198,AQUITANIA,BOYACÁ,9
Candidato4,PartidoD,Puesto2,ABEJORRAL,ANTIOQUIA,75
Candidato4,PartidoD,Puesto20,BETANIA,ANTIOQUIA,23
Candidato4,PartidoD,Puesto21,BETULIA,ANTIOQUIA,38
Candidato4,PartidoD,Puesto218,CÓMBITA,BOYACÁ,12
Candidato4,PartidoD,Puesto245,LA UVITA,BOYACÁ,13
Candidato4,PartidoD,Puesto250,MONGUA,BOYACÁ,68
Candidato4,PartidoD,Puesto255,NOBSA,BOYACÁ,49
Candidato4,PartidoD,Puesto26,CAICEDO,ANTIOQUIA,44
Candidato4,PartidoD,Puesto263,PANQUEBA,BOYACÁ,54
Candidato4,PartidoD,Puesto27,CALDAS,ANTIOQUIA,20
Candidato4,PartidoD,Puesto273,RONDÓN,BOYACÁ,22
Candidato4,PartidoD,Puesto286,SANTA SOFÍA,BOYACÁ,43
Candidato4,PartidoD,Puesto290,SOATÁ,BOYACÁ,39
Candidato4,PartidoD,Puesto299,SUTAMARCHÁN,BOYACÁ,23
Candidato4,PartidoD,Puesto301,TASCO,BOYACÁ,19
Candidato4,PartidoD,Puesto302,TENZA,BOYACÁ,37
Candidato4,PartidoD,Puesto305,TINJACÁ,BOYACÁ,46
Candidato4,PartidoD,Puesto306,TIPACOQUE,BOYACÁ,92
Candidato4,PartidoD,Puesto326,LA DORADA,CALDAS,72
Candidato4,PartidoD,Puesto331,MARULANDA,CALDAS,19
Candidato4,PartidoD,Puesto34,CAROLINA,ANTIOQUIA,91
Candidato4,PartidoD,Puesto351,EL DONCELLO,CAQUETÁ,69
Candidato4,PartidoD,Puesto356,PUERTO RICO,CAQUETÁ,12
Candidato4,PartidoD,Puesto358,SAN VICENTE DEL CAGUÁN,CAQUETÁ,60
Candidato4,PartidoD,Puesto36,CHIGORODÓ,ANTIOQUIA,7
Candidato4,PartidoD,Puesto376,INZÁ,CAUCA,69
Candidato4,PartidoD,Puesto377,JAMBALÓ,CAUCA,73
Candidato4,PartidoD,Puesto381,MERCADERES,CAUCA,22
Candidato4,PartidoD,Puesto392,SAN SEBASTIÁN,CAUCA,60
Candidato4,PartidoD,Puesto406,AGUSTÍN CODAZZI,CESAR,14
Candidato4,PartidoD,Puesto407,ASTREA,CESAR,1
Candidato4,PartidoD,Puesto410,CHIMICHAGUA,CESAR,66
Candidato4,PartidoD,Puesto433,CERETÉ,CÓRDOBA,27
Candidato4,PartidoD,Puesto434,CHIMÁ,CÓRDOBA,39
Candidato4,PartidoD,Puesto436,CIÉNAGA DE ORO,CÓRDOBA,49
Candidato4,PartidoD,Puesto437,COTORRA,CÓRDOBA,68
Candidato4,PartidoD,Puesto46,ENTRERRÍOS,ANTIOQUIA,33
Candidato4,PartidoD,Puesto468,CACHIPAY,CUNDINAMARCA,73
Candidato4,PartidoD,Puesto469,CAJICÁ,CUNDINAMARCA,65
Candidato4,PartidoD,Puesto47,ENVIGADO,ANTIOQUIA,60
Candidato4,PartidoD,Puesto472,CARMEN DE CARUPA,CUNDINAMARCA,5
Candidato4,PartidoD,Puesto500,GUATAVITA,CUNDINAMARCA,60
Candidato4,PartidoD,Puesto506,LA CALERA,CUNDINAMARCA,42
Candidato4,PartidoD,Puesto509,LA PEÑA,CUNDINAMARCA,27
Candidato4,PartidoD,Puesto525,PANDI,CUNDINAMARCA,11
Candidato4,PartidoD,Puesto527,PASCA,CUNDINAMARCA,50
Candidato4,PartidoD,Puesto542,SIBATÉ,CUNDINAMARCA,28
Candidato4,PartidoD,Puesto544,SIMIJACA,CUNDINAMARCA,50
Candidato4,PartidoD,Puesto548,SUESCA,CUNDINAMARCA,11
Candidato4,PartidoD,Puesto551,SUTATAUSA,CUNDINAMARCA,84
Candidato4,PartidoD,Puesto563,VILLA DE SAN DIEGO DE UBATÉ,CUNDINAMARCA,64
Candidato4,PartidoD,Puesto568,VILLAGÓMEZ,CUNDINAMARCA,51
Candidato4,PartidoD,Puesto569,VILLAPINZÓN,CUNDINAMARCA,2
Candidato4,PartidoD,Puesto571,VIOTÁ,CUNDINAMARCA,10
Candidato4,PartidoD,Puesto572,YACOPÍ,CUNDINAMARCA,84
Candidato4,PartidoD,Puesto579,BAGADÓ,CHOCÓ,38
Candidato4,PartidoD,Puesto583,EL CANTÓN DEL SAN PABLO,CHOCÓ,9
Candidato4,PartidoD,Puesto600,SAN JOSÉ DEL PALMAR,CHOCÓ,42
Candidato4,PartidoD,Puesto610,ALTAMIRA,HUILA,97
Candidato4,PartidoD,Puesto617,GUADALUPE,HUILA,33
Candidato4,PartidoD,Puesto62,JERICÓ,ANTIOQUIA,25
Candidato4,PartidoD,Puesto620,ISNOS,HUILA,55
Candidato4,PartidoD,Puesto624,OPORAPA,HUILA,35
Candidato4,PartidoD,Puesto627,PALESTINA,HUILA,92
Candidato4,PartidoD,Puesto633,SANTA MARÍA,HUILA,12
Candidato4,PartidoD,Puesto636,TESALIA,HUILA,74
Candidato4,PartidoD,Puesto64,LA ESTRELLA,ANTIOQUIA,36
Candidato4,PartidoD,Puesto645,DIBULLA,LA GUAJIRA,28
Candidato4,PartidoD,Puesto647,EL MOLINO,LA GUAJIRA,84
Candidato4,PartidoD,Puesto666,EL PIÑÓN,MAGDALENA,37
Candidato4,PartidoD,Puesto667,EL RETÉN,MAGDALENA,21
Candidato4,PartidoD,Puesto693,CUMARAL,META,75
Candidato4,PartidoD,Puesto7,ANDES,ANTIOQUIA,11
Candidato4,PartidoD,Puesto704,LEJANÍAS,META,26
Candidato4,PartidoD,Puesto710,RESTREPO,META,3
Candidato4,PartidoD,Puesto721,BARBACOAS,NARIÑO,39
Candidato4,PartidoD,Puesto723,BUESACO,NARIÑO,74
Candidato4,PartidoD,Puesto724,COLÓN,NARIÑO,6
Candidato4,PartidoD,Puesto743,IPIALES,NARIÑO,6
Candidato4,PartidoD,Puesto745,LA FLORIDA,NARIÑO,41
Candidato4,PartidoD,Puesto748,LA UNIÓN,NARIÑO,30
Candidato4,PartidoD,Puesto787,CHINÁCOTA,NORTE DE SANTANDER,48
Candidato4,PartidoD,Puesto8,ANGELÓPOLIS,ANTIOQUIA,73
Candidato4,PartidoD,Puesto815,TEORAMA,NORTE DE SANTANDER,18
Candidato4,PartidoD,Puesto827,LA TEBAIDA,QUINDÍO,5
Candidato4,PartidoD,Puesto858,CARCASÍ,SANTANDER,42
Candidato4,PartidoD,Puesto861,CHARALÁ,SANTANDER,85
Candidato4,PartidoD,Puesto867,CONFINES,SANTANDER,12
Candidato4,PartidoD,Puesto873,EL PEÑÓN,SANTANDER,14
Candidato4,PartidoD,Puesto889,JORDÁN,SANTANDER,0
Candidato4,PartidoD,Puesto922,SIMACOTA,SANTANDER,17
Candidato4,PartidoD,Puesto93,SAN JOSÉ DE LA MONTAÑA,ANTIOQUIA,70
Candidato4,PartidoD,Puesto932,ZAPATOCA,SANTANDER,52
Candidato4,PartidoD,Puesto941,GALERAS,SUCRE,44
Candidato4,PartidoD,Puesto944,LOS PALMITOS,SUCRE,98
Candidato4,PartidoD,Puesto947,OVEJAS,SUCRE,93
Candidato4,PartidoD,Puesto948,PALMITO,SUCRE,17
Candidato4,PartidoD,Puesto95,SAN LUIS,ANTIOQUIA,60
Candidato4,PartidoD,Puesto951,SAN JUAN DE BETULIA,SUCRE,1
Candidato4,PartidoD,Puesto958,SAN JOSÉ DE TOLUVIEJO,SUCRE,93
Candidato4,PartidoD,Puesto963,ANZOÁTEGUI,TOLIMA,18
Candidato4,PartidoD,Puesto964,ARMERO,TOLIMA,18
Candidato4,PartidoD,Puesto970,COELLO,TOLIMA,70
Candidato4,PartidoD,Puesto971,COYAIMA,TOLIMA,83
Candidato4,PartidoD,Puesto978,GUAMO,TOLIMA,28
Candidato4,PartidoD,Puesto982,LÉRIDA,TOLIMA,39
Candidato4,PartidoD,Puesto988,ORTEGA,TOLIMA,93
Candidato4,PartidoD,Puesto99,SAN ROQUE,ANTIOQUIA,89
Candidato4,PartidoD,Puesto991,PLANADAS,TOLIMA,29
Candidato4,PartidoD,Puesto992,PRADO,TOLIMA,36
Candidato4,PartidoD,Puesto993,PURIFICACIÓN,TOLIMA,5
Candidato4,PartidoD,Puesto997,SALDAÑA,TOLIMA,77
Candidato5,PartidoE,Puesto1001,SUÁREZ,TOLIMA,58
Candidato5,PartidoE,Puesto1002,VALLE DE SAN JUAN,TOLIMA,96
Candidato5,PartidoE,Puesto1010,ARGELIA,VALLE DEL CAUCA,58
Candidato5,PartidoE,Puesto102,SANTA ROSA DE OSOS,ANTIOQUIA,88
Candidato5,PartidoE,Puesto1023,EL DOVIO,VALLE DEL CAUCA,59
Candidato5,PartidoE,Puesto1037,SAN PEDRO,VALLE DEL CAUCA,93
Candidato5,PartidoE,Puesto1039,TORO,VALLE DEL CAUCA,97
Candidato5,PartidoE,Puesto1046,YUMBO,VALLE DEL CAUCA,73
Candidato5,PartidoE,Puesto1049,ARAUQUITA,ARAUCA,84
Candidato5,PartidoE,Puesto1067,SABANALARGA,CASANARE,63
Candidato5,PartidoE,Puesto107,SOPETRÁN,ANTIOQUIA,2
Candidato5,PartidoE,Puesto1072,TRINIDAD,CASANARE,6
Candidato5,PartidoE,Puesto1077,PUERTO ASÍS,PUTUMAYO,68
Candidato5,PartidoE,Puesto1082,SAN FRANCISCO,PUTUMAYO,69
Candidato5,PartidoE,Puesto1085,VALLE DEL GUAMUEZ,PUTUMAYO,53
Candidato5,PartidoE,Puesto1087,SAN ANDRÉS,"ARCHIPIÉLAGO DE SAN ANDRÉS, PROVIDENCIA Y SANTA CATALINA",78
Candidato5,PartidoE,Puesto1103,PUERTO COLOMBIA,GUAINÍA,81
Candidato5,PartidoE,Puesto1115,TARAIRA,VAUPÉS,6
Candidato5,PartidoE,Puesto1120,SANTA ROSALÍA,VICHADA,48
Candidato5,PartidoE,Puesto126,BARRANQUILLA,ATLÁNTICO,95
Candidato5,PartidoE,Puesto127,BARANOA,ATLÁNTICO,72
Candidato5,PartidoE,Puesto14,ARBOLETES,ANTIOQUIA,61
Candidato5,PartidoE,Puesto142,SABANALARGA,ATLÁNTICO,15
Candidato5,PartidoE,Puesto145,SOLEDAD,ATLÁNTICO,45
Candidato5,PartidoE,Puesto146,SUAN,ATLÁNTICO,84
Candidato5,PartidoE,Puesto149,"BOGOTÁ, D.C.","BOGOTÁ, D.C.",31
Candidato5,PartidoE,Puesto15,ARGELIA,ANTIOQUIA,93
Candidato5,PartidoE,Puesto153,ARENAL,BOLÍVAR,88
Candidato5,PartidoE,Puesto164,EL PEÑÓN,BOLÍVAR,89
Candidato5,PartidoE,Puesto165,HATILLO DE LOBA,BOLÍVAR,12
Candidato5,PartidoE,Puesto170,MONTECRISTO,BOLÍVAR,44
Candidato5,PartidoE,Puesto182,SAN JUAN NEPOMUCENO,BOLÍVAR,16
Candidato5,PartidoE,Puesto187,SANTA ROSA DEL SUR,BOLÍVAR,73
Candidato5,PartidoE,Puesto193,TURBANÁ,BOLÍVAR,50
Candidato5,PartidoE,Puesto194,VILLANUEVA,BOLÍVAR,70
Candidato5,PartidoE,Puesto195,ZAMBRANO,BOLÍVAR,93
Candidato5,PartidoE,Puesto197,ALMEIDA,BOYACÁ,77
Candidato5,PartidoE,Puesto202,BETÉITIVA,BOYACÁ,56
Candidato5,PartidoE,Puesto215,CHITARAQUE,BOYACÁ,100
Candidato5,PartidoE,Puesto22,CIUDAD BOLÍVAR,ANTIOQUIA,89
Candidato5,PartidoE,Puesto220,CORRALES,BOYACÁ,52
Candidato5,PartidoE,Puesto221,COVARACHÍA,BOYACÁ,45
Candidato5,PartidoE,Puesto222,CUBARÁ,BOYACÁ,70
Candidato5,PartidoE,Puesto225,CHÍQUIZA,BOYACÁ,81
Candidato5,PartidoE,Puesto229,EL ESPINO,BOYACÁ,37
Candidato5,PartidoE,Puesto232,GACHANTIVÁ,BOYACÁ,28
Candidato5,PartidoE,Puesto236,GUATEQUE,BOYACÁ,29
Candidato5,PartidoE,Puesto251,MONGUÍ,BOYACÁ,52
Candidato5,PartidoE,Puesto254,MUZO,BOYACÁ,20
Candidato5,PartidoE,Puesto261,PAIPA,BOYACÁ,38
Candidato5,PartidoE,Puesto264,PAUNA,BOYACÁ,85
Candidato5,PartidoE,Puesto265,PAYA,BOYACÁ,65
Candidato5,PartidoE,Puesto268,PISBA,BOYACÁ,27
Candidato5,PartidoE,Puesto278,SAN JOSÉ DE PARE,BOYACÁ,57
Candidato5,PartidoE,Puesto294,SOMONDOCO,BOYACÁ,39
Candidato5,PartidoE,Puesto300,SUTATENZA,BOYACÁ,33
Candidato5,PartidoE,Puesto303,TIBANÁ,BOYACÁ,64
Candidato5,PartidoE,Puesto309,TÓPAGA,BOYACÁ,50
Candidato5,PartidoE,Puesto31,CARAMANTA,ANTIOQUIA,4
Candidato5,PartidoE,Puesto310,TOTA,BOYACÁ,65
Candidato5,PartidoE,Puesto312,TURMEQUÉ,BOYACÁ,45
Candidato5,PartidoE,Puesto316,VENTAQUEMADA,BOYACÁ,30
Candidato5,PartidoE,Puesto323,BELALCÁZAR,CALDAS,62
Candidato5,PartidoE,Puesto327,LA MERCED,CALDAS,10
Candidato5,PartidoE,Puesto336,PENSILVANIA,CALDAS,60
Candidato5,PartidoE,Puesto337,RIOSUCIO,CALDAS,88
Candidato5,PartidoE,Puesto347,ALBANIA,CAQUETÁ,97
Candidato5,PartidoE,Puesto353,LA MONTAÑITA,CAQUETÁ,86
Candidato5,PartidoE,Puesto38,COCORNÁ,ANTIOQUIA,75
Candidato5,PartidoE,Puesto384,PADILLA,CAUCA,2
Candidato5,PartidoE,Puesto387,PIAMONTE,CAUCA,91
Candidato5,PartidoE,Puesto39,CONCEPCIÓN,ANTIOQUIA,31
Candidato5,PartidoE,Puesto395,SILVIA,CAUCA,14
Candidato5,PartidoE,Puesto400,TIMBIQUÍ,CAUCA,54
Candidato5,PartidoE,Puesto401,TORIBÍO,CAUCA,29
Candidato5,PartidoE,Puesto409,BOSCONIA,CESAR,45
Candidato5,PartidoE,Puesto413,EL COPEY,CESAR,36
Candidato5,PartidoE,Puesto417,LA GLORIA,CESAR,49
Candidato5,PartidoE,Puesto423,RÍO DE ORO,CESAR,64
Candidato5,PartidoE,Puesto425,SAN ALBERTO,CESAR,8
Candidato5,PartidoE,Puesto428,TAMALAMEQUE,CESAR,27
Candidato5,PartidoE,Puesto429,MONTERÍA,CÓRDOBA,45
Candidato5,PartidoE,Puesto441,MOMIL,CÓRDOBA,21
Candidato5,PartidoE,Puesto446,PUERTO ESCONDIDO,CÓRDOBA,11
Candidato5,PartidoE,Puesto450,SAN ANDRÉS DE SOTAVENTO,CÓRDOBA,95
Candidato5,PartidoE,Puesto451,SAN ANTERO,CÓRDOBA,56
Candidato5,PartidoE,Puesto456,TIERRALTA,CÓRDOBA,6
Candidato5,PartidoE,Puesto458,VALENCIA,CÓRDOBA,80
Candidato5,PartidoE,Puesto474,CHÍA,CUNDINAMARCA,41
Candidato5,PartidoE,Puesto483,EL ROSAL,CUNDINAMARCA,23
Candidato5,PartidoE,Puesto490,GACHALÁ,CUNDINAMARCA,28
Candidato5,PartidoE,Puesto50,GIRALDO,ANTIOQUIA,91
Candidato5,PartidoE,Puesto501,GUAYABAL DE SÍQUIMA,CUNDINAMARCA,54
Candidato5,PartidoE,Puesto502,GUAYABETAL,CUNDINAMARCA,65
Candidato5,PartidoE,Puesto508,LA PALMA,CUNDINAMARCA,71
Candidato5,PartidoE,Puesto510,LA VEGA,CUNDINAMARCA,45
Candidato5,PartidoE,Puesto517,NARIÑO,CUNDINAMARCA,30
Candidato5,PartidoE,Puesto518,NEMOCÓN,CUNDINAMARCA,75
Candidato5,PartidoE,Puesto519,NILO,CUNDINAMARCA,28
Candidato5,PartidoE,Puesto521,NOCAIMA,CUNDINAMARCA,71
Candidato5,PartidoE,Puesto53,GRANADA,ANTIOQUIA,99
Candidato5,PartidoE,Puesto532,QUIPILE,CUNDINAMARCA,72
Candidato5,PartidoE,Puesto536,SAN BERNARDO,CUNDINAMARCA,94
Candidato5,PartidoE,Puesto555,TENJO,CUNDINAMARCA,87
Candidato5,PartidoE,Puesto556,TIBACUY,CUNDINAMARCA,69
Candidato5,PartidoE,Puesto558,TOCAIMA,CUNDINAMARCA,19
Candidato5,PartidoE,Puesto577,ALTO BAUDÓ,CHOCÓ,96
Candidato5,PartidoE,Puesto584,CARMEN DEL DARIÉN,CHOCÓ,41
Candidato5,PartidoE,Puesto589,ISTMINA,CHOCÓ,56
Candidato5,PartidoE,Puesto594,MEDIO SAN JUAN,CHOCÓ,28
Candidato5,PartidoE,Puesto601,SIPÍ,CHOCÓ,28
Candidato5,PartidoE,Puesto613,COLOMBIA,HUILA,27
Candidato5,PartidoE,Puesto614,ELÍAS,HUILA,87
Candidato5,PartidoE,Puesto615,GARZÓN,HUILA,61
Candidato5,PartidoE,Puesto637,TELLO,HUILA,94
Candidato5,PartidoE,Puesto651,MAICAO,LA GUAJIRA,8
Candidato5,PartidoE,Puesto655,URUMITA,LA GUAJIRA,85
Candidato5,PartidoE,Puesto670,NUEVA GRANADA,MAGDALENA,92
Candidato5,PartidoE,Puesto672,PIJIÑO DEL CARMEN,MAGDALENA,18
Candidato5,PartidoE,Puesto673,PIVIJAY,MAGDALENA,15
Candidato5,PartidoE,Puesto677,SABANAS DE SAN ÁNGEL,MAGDALENA,7
Candidato5,PartidoE,Puesto680,SAN ZENÓN,MAGDALENA,55
Candidato5,PartidoE,Puesto691,CASTILLA LA NUEVA,META,68
Candidato5,PartidoE,Puesto71,MURINDÓ,ANTIOQUIA,40
Candidato5,PartidoE,Puesto715,VISTAHERMOSA,META,22
Candidato5,PartidoE,Puesto718,ALDANA,NARIÑO,49
Candidato5,PartidoE,Puesto730,CUMBITARA,NARIÑO,14
Candidato5,PartidoE,Puesto733,EL PEÑOL,NARIÑO,0
Candidato5,PartidoE,Puesto736,EL TAMBO,NARIÑO,41
Candidato5,PartidoE,Puesto742,IMUÉS,NARIÑO,95
Candidato5,PartidoE,Puesto751,LOS ANDES,NARIÑO,41
Candidato5,PartidoE,Puesto755,NARIÑO,NARIÑO,11
Candidato5,PartidoE,Puesto76,OLAYA,ANTIOQUIA,4
Candidato5,PartidoE,Puesto762,PUERRES,NARIÑO,37
Candidato5,PartidoE,Puesto763,PUPIALES,NARIÑO,36
Candidato5,PartidoE,Puesto785,CÁCOTA,NORTE DE SANTANDER,80
Candidato5,PartidoE,Puesto796,HACARÍ,NORTE DE SANTANDER,89
Candidato5,PartidoE,Puesto80,PUERTO BERRÍO,ANTIOQUIA,22
Candidato5,PartidoE,Puesto810,SAN CALIXTO,NORTE DE SANTANDER,28
Candidato5,PartidoE,Puesto811,SAN CAYETANO,NORTE DE SANTANDER,41
Candidato5,PartidoE,Puesto813,SARDINATA,NORTE DE SANTANDER,15
Candidato5,PartidoE,Puesto82,PUERTO TRIUNFO,ANTIOQUIA,37
Candidato5,PartidoE,Puesto851,BARICHARA,SANTANDER,13
Candidato5,PartidoE,Puesto852,BARRANCABERMEJA,SANTANDER,83
Candidato5,PartidoE,Puesto875,ENCINO,SANTANDER,54
Candidato5,PartidoE,Puesto887,HATO,SANTANDER,98
Candidato5,PartidoE,Puesto903,PALMAR,SANTANDER,36
Candidato5,PartidoE,Puesto904,PALMAS DEL SOCORRO,SANTANDER,80
Candidato5,PartidoE,Puesto907,PINCHOTE,SANTANDER,14
Candidato5,PartidoE,Puesto911,RIONEGRO,SANTANDER,75
Candidato5,PartidoE,Puesto912,SABANA DE TORRES,SANTANDER,89
Candidato5,PartidoE,Puesto914,SAN BENITO,SANTANDER,47
Candidato5,PartidoE,Puesto92,SAN JERÓNIMO,ANTIOQUIA,60
Candidato5,PartidoE,Puesto923,SOCORRO,SANTANDER,48
Candidato5,PartidoE,Puesto933,SINCELEJO,SUCRE,80
Candidato5,PartidoE,Puesto936,COLOSÓ,SUCRE,24
Candidato5,PartidoE,Puesto940,EL ROBLE,SUCRE,12
Candidato5,PartidoE,Puesto945,MAJAGUAL,SUCRE,90
Candidato5,PartidoE,Puesto959,IBAGUÉ,TOLIMA,31
Candidato5,PartidoE,Puesto966,CAJAMARCA,TOLIMA,79
Candidato5,PartidoE,Puesto969,CHAPARRAL,TOLIMA,47
Candidato5,PartidoE,Puesto973,DOLORES,TOLIMA,71
Candidato5,PartidoE,Puesto975,FALAN,TOLIMA,34
Candidato5,PartidoE,Puesto979,HERVEO,TOLIMA,60
Candidato5,PartidoE,Puesto98,SAN RAFAEL,ANTIOQUIA,20
Candidato5,PartidoE,Puesto980,HONDA,TOLIMA,66
Candidato5,PartidoE,Puesto995,RONCESVALLES,TOLIMA,66
Candidato6,PartidoF,Puesto10,ANORÍ,ANTIOQUIA,24
Candidato6,PartidoF,Puesto1000,SANTA ISABEL,TOLIMA,79
Candidato6,PartidoF,Puesto1004,VILLAHERMOSA,TOLIMA,22
Candidato6,PartidoF,Puesto1007,ALCALÁ,VALLE DEL CAUCA,97
Candidato6,PartidoF,Puesto1022,EL CERRITO,VALLE DEL CAUCA,54
Candidato6,PartidoF,Puesto1024,FLORIDA,VALLE DEL CAUCA,100
Candidato6,PartidoF,Puesto1025,GINEBRA,VALLE DEL CAUCA,94
Candidato6,PartidoF,Puesto1030,LA VICTORIA,VALLE DEL CAUCA,69
Candidato6,PartidoF,Puesto1032,PALMIRA,VALLE DEL CAUCA,69
Candidato6,PartidoF,Puesto1034,RESTREPO,VALLE DEL CAUCA,0
Candidato6,PartidoF,Puesto1036,ROLDANILLO,VALLE DEL CAUCA,24
Candidato6,PartidoF,Puesto104,EL SANTUARIO,ANTIOQUIA,42
Candidato6,PartidoF,Puesto1040,TRUJILLO,VALLE DEL CAUCA,93
Candidato6,PartidoF,Puesto1058,HATO COROZAL,CASANARE,29
Candidato6,PartidoF,Puesto1065,PORE,CASANARE,71
Candidato6,PartidoF,Puesto1066,RECETOR,CASANARE,77
Candidato6,PartidoF,Puesto1073,VILLANUEVA,CASANARE,9
Candidato6,PartidoF,Puesto1078,PUERTO CAICEDO,PUTUMAYO,43
Candidato6,PartidoF,Puesto1088,PROVIDENCIA,"ARCHIPIÉLAGO DE SAN ANDRÉS, PROVIDENCIA Y SANTA CATALINA",86
Candidato6,PartidoF,Puesto1091,LA CHORRERA,AMAZONAS,16
Candidato6,PartidoF,Puesto1092,LA PEDRERA,AMAZONAS,73
Candidato6,PartidoF,Puesto1094,MIRITÍ - PARANÁ,AMAZONAS,0
Candidato6,PartidoF,Puesto1098,PUERTO SANTANDER,AMAZONAS,73
Candidato6,PartidoF,Puesto1112,MITÚ,VAUPÉS,44
Candidato6,PartidoF,Puesto1113,CARURÚ,VAUPÉS,48
Candidato6,PartidoF,Puesto1116,PAPUNAHUA,VAUPÉS,13
Candidato6,PartidoF,Puesto1117,YAVARATÉ,VAUPÉS,66
Candidato6,PartidoF,Puesto117,VALPARAÍSO,ANTIOQUIA,37
Candidato6,PartidoF,Puesto118,VEGACHÍ,ANTIOQUIA,17
Candidato6,PartidoF,Puesto125,ZARAGOZA,ANTIOQUIA,57
Candidato6,PartidoF,Puesto128,CAMPO DE LA CRUZ,ATLÁNTICO,48
Candidato6,PartidoF,Puesto137,POLONUEVO,ATLÁNTICO,40
Candidato6,PartidoF,Puesto150,CARTAGENA DE INDIAS,BOLÍVAR,80
Candidato6,PartidoF,Puesto155,ARROYOHONDO,BOLÍVAR,11
Candidato6,PartidoF,Puesto157,CALAMAR,BOLÍVAR,18
Candidato6,PartidoF,Puesto162,EL CARMEN DE BOLÍVAR,BOLÍVAR,39
Candidato6,PartidoF,Puesto171,SANTA CRUZ DE MOMPOX,BOLÍVAR,59
Candidato6,PartidoF,Puesto183,SAN MARTÍN DE LOBA,BOLÍVAR,70
Candidato6,PartidoF,Puesto184,SAN PABLO,BOLÍVAR,40
Candidato6,PartidoF,Puesto224,CUÍTIVA,BOYACÁ,17
Candidato6,PartidoF,Puesto226,CHIVOR,BOYACÁ,35
Candidato6,PartidoF,Puesto23,BRICEÑO,ANTIOQUIA,95
Candidato6,PartidoF,Puesto231,FLORESTA,BOYACÁ,69
Candidato6,PartidoF,Puesto240,JENESANO,BOYACÁ,66
Candidato6,PartidoF,Puesto242,LABRANZAGRANDE,BOYACÁ,38
Candidato6,PartidoF,Puesto246,VILLA DE LEYVA,BOYACÁ,4
Candidato6,PartidoF,Puesto247,MACANAL,BOYACÁ,48
Candidato6,PartidoF,Puesto252,MONIQUIRÁ,BOYACÁ,87
Candidato6,PartidoF,Puesto267,PESCA,BOYACÁ,46
Candidato6,PartidoF,Puesto275,SÁCHICA,BOYACÁ,12
Candidato6,PartidoF,Puesto279,SAN LUIS DE GACENO,BOYACÁ,60
Candidato6,PartidoF,Puesto28,CAMPAMENTO,ANTIOQUIA,64
Candidato6,PartidoF,Puesto295,SORA,BOYACÁ,7
Candidato6,PartidoF,Puesto30,CARACOLÍ,ANTIOQUIA,66
Candidato6,PartidoF,Puesto307,TOCA,BOYACÁ,3
Candidato6,PartidoF,Puesto315,ÚMBITA,BOYACÁ,4
Candidato6,PartidoF,Puesto318,ZETAQUIRA,BOYACÁ,89
Candidato6,PartidoF,Puesto325,FILADELFIA,CALDAS,71
Candidato6,PartidoF,Puesto333,NORCASIA,CALDAS,87
Candidato6,PartidoF,Puesto343,VICTORIA,CALDAS,8
Candidato6,PartidoF,Puesto363,ALMAGUER,CAUCA,43
Candidato6,PartidoF,Puesto368,CAJIBÍO,CAUCA,18
Candidato6,PartidoF,Puesto370,CALOTO,CAUCA,41
Candidato6,PartidoF,Puesto374,GUACHENÉ,CAUCA,77
Candidato6,PartidoF,Puesto399,TIMBÍO,CAUCA,36
Candidato6,PartidoF,Puesto403,VILLA RICA,CAUCA,45
Candidato6,PartidoF,Puesto404,VALLEDUPAR,CESAR,80
Candidato6,PartidoF,Puesto412,CURUMANÍ,CESAR,69
Candidato6,PartidoF,Puesto414,EL PASO,CESAR,95
Candidato6,PartidoF,Puesto42,DABEIBA,ANTIOQUIA,49
Candidato6,PartidoF,Puesto420,PAILITAS,CESAR,95
Candidato6,PartidoF,Puesto422,PUEBLO BELLO,CESAR,6
Candidato6,PartidoF,Puesto426,SAN DIEGO,CESAR,44
Candidato6,PartidoF,Puesto439,LORICA,CÓRDOBA,33
Candidato6,PartidoF,Puesto444,PLANETA RICA,CÓRDOBA,82
Candidato6,PartidoF,Puesto464,BELTRÁN,CUNDINAMARCA,2
Candidato6,PartidoF,Puesto466,BOJACÁ,CUNDINAMARCA,20
Candidato6,PartidoF,Puesto470,CAPARRAPÍ,CUNDINAMARCA,26
Candidato6,PartidoF,Puesto48,FREDONIA,ANTIOQUIA,83
Candidato6,PartidoF,Puesto482,EL PEÑÓN,CUNDINAMARCA,87
Candidato6,PartidoF,Puesto491,GACHANCIPÁ,CUNDINAMARCA,26
Candidato6,PartidoF,Puesto493,GAMA,CUNDINAMARCA,61
Candidato6,PartidoF,Puesto497,GUADUAS,CUNDINAMARCA,16
Candidato6,PartidoF,Puesto498,GUASCA,CUNDINAMARCA,83
Candidato6,PartidoF,Puesto504,JERUSALÉN,CUNDINAMARCA,22
Candidato6,PartidoF,Puesto505,JUNÍN,CUNDINAMARCA,57
Candidato6,PartidoF,Puesto513,MADRID,CUNDINAMARCA,39
Candidato6,PartidoF,Puesto516,MOSQUERA,CUNDINAMARCA,58
Candidato6,PartidoF,Puesto533,APULO,CUNDINAMARCA,85
Candidato6,PartidoF,Puesto535,SAN ANTONIO DEL TEQUENDAMA,CUNDINAMARCA,46
Candidato6,PartidoF,Puesto546,SOPÓ,CUNDINAMARCA,6
Candidato6,PartidoF,Puesto549,SUPATÁ,CUNDINAMARCA,37
Candidato6,PartidoF,Puesto550,SUSA,CUNDINAMARCA,37
Candidato6,PartidoF,Puesto557,TIBIRITA,CUNDINAMARCA,32
Candidato6,PartidoF,Puesto562,UBAQUE,CUNDINAMARCA,77
Candidato6,PartidoF,Puesto564,UNE,CUNDINAMARCA,14
Candidato6,PartidoF,Puesto576,ACANDÍ,CHOCÓ,98
Candidato6,PartidoF,Puesto580,BAHÍA SOLANO,CHOCÓ,30
Candidato6,PartidoF,Puesto587,EL CARMEN DE ATRATO,CHOCÓ,8
Candidato6,PartidoF,Puesto588,EL LITORAL DEL SAN JUAN,CHOCÓ,34
Candidato6,PartidoF,Puesto595,NÓVITA,CHOCÓ,14
Candidato6,PartidoF,Puesto605,NEIVA,HUILA,92
Candidato6,PartidoF,Puesto609,ALGECIRAS,HUILA,23
Candidato6,PartidoF,Puesto612,CAMPOALEGRE,HUILA,0
Candidato6,PartidoF,Puesto621,LA ARGENTINA,HUILA,55
Candidato6,PartidoF,Puesto622,LA PLATA,HUILA,82
Candidato6,PartidoF,Puesto640,VILLAVIEJA,HUILA,74
Candidato6,PartidoF,Puesto646,DISTRACCIÓN,LA GUAJIRA,34
Candidato6,PartidoF,Puesto652,MANAURE,LA GUAJIRA,56
Candidato6,PartidoF,Puesto661,CERRO DE SAN ANTONIO,MAGDALENA,36
Candidato6,PartidoF,Puesto665,EL BANCO,MAGDALENA,3
Candidato6,PartidoF,Puesto671,PEDRAZA,MAGDALENA,23
Candidato6,PartidoF,Puesto678,SALAMINA,MAGDALENA,94
Candidato6,PartidoF,Puesto687,VILLAVICENCIO,META,81
Candidato6,PartidoF,Puesto701,MESETAS,META,38
Candidato6,PartidoF,Puesto707,PUERTO LÓPEZ,META,25
Candidato6,PartidoF,Puesto709,PUERTO RICO,META,2
Candidato6,PartidoF,Puesto712,SAN JUAN DE ARAMA,META,22
Candidato6,PartidoF,Puesto713,SAN JUANITO,META,68
Candidato6,PartidoF,Puesto739,GUAITARILLA,NARIÑO,73
Candidato6,PartidoF,Puesto754,MOSQUERA,NARIÑO,75
Candidato6,PartidoF,Puesto758,FRANCISCO PIZARRO,NARIÑO,39
Candidato6,PartidoF,Puesto759,POLICARPA,NARIÑO,50
Candidato6,PartidoF,Puesto761,PROVIDENCIA,NARIÑO,48
Candidato6,PartidoF,Puesto764,RICAURTE,NARIÑO,61
Candidato6,PartidoF,Puesto77,PEÑOL,ANTIOQUIA,40
Candidato6,PartidoF,Puesto773,SANTACRUZ,NARIÑO,76
Candidato6,PartidoF,Puesto776,TANGUA,NARIÑO,19
Candidato6,PartidoF,Puesto777,SAN ANDRÉS DE TUMACO,NARIÑO,38
Candidato6,PartidoF,Puesto78,PEQUE,ANTIOQUIA,24
Candidato6,PartidoF,Puesto790,CUCUTILLA,NORTE DE SANTANDER,56
Candidato6,PartidoF,Puesto800,LA PLAYA,NORTE DE SANTANDER,28
Candidato6,PartidoF,Puesto81,PUERTO NARE,ANTIOQUIA,86
Candidato6,PartidoF,Puesto814,SILOS,NORTE DE SANTANDER,70
Candidato6,PartidoF,Puesto817,TOLEDO,NORTE DE SANTANDER,24
Candidato6,PartidoF,Puesto821,BUENAVISTA,QUINDÍO,61
Candidato6,PartidoF,Puesto824,CÓRDOBA,QUINDÍO,58
Candidato6,PartidoF,Puesto836,DOSQUEBRADAS,RISARALDA,12
Candidato6,PartidoF,Puesto837,GUÁTICA,RISARALDA,83
Candidato6,PartidoF,Puesto853,BETULIA,SANTANDER,6
Candidato6,PartidoF,Puesto866,CONCEPCIÓN,SANTANDER,6
Candidato6,PartidoF,Puesto869,COROMORO,SANTANDER,57
Candidato6,PartidoF,Puesto87,SABANETA,ANTIOQUIA,57
Candidato6,PartidoF,Puesto884,GUAPOTÁ,SANTANDER,80
Candidato6,PartidoF,Puesto885,GUAVATÁ,SANTANDER,67
Candidato6,PartidoF,Puesto888,JESÚS MARÍA,SANTANDER,23
Candidato6,PartidoF,Puesto894,LOS SANTOS,SANTANDER,21
Candidato6,PartidoF,Puesto905,PÁRAMO,SANTANDER,95
Candidato6,PartidoF,Puesto908,PUENTE NACIONAL,SANTANDER,58
Candidato6,PartidoF,Puesto916,SAN JOAQUÍN,SANTANDER,95
Candidato6,PartidoF,Puesto926,SURATÁ,SANTANDER,89
Candidato6,PartidoF,Puesto956,SUCRE,SUCRE,58
Candidato6,PartidoF,Puesto957,SANTIAGO DE TOLÚ,SUCRE,28
Candidato6,PartidoF,Puesto977,FRESNO,TOLIMA,69
Candidato6,PartidoF,Puesto981,ICONONZO,TOLIMA,98
Candidato6,PartidoF,Puesto984,SAN SEBASTIÁN DE MARIQUITA,TOLIMA,61
Candidato6,PartidoF,Puesto985,MELGAR,TOLIMA,71
Candidato7,PartidoG,Puesto1,MEDELLÍN,ANTIOQUIA,14
Candidato7,PartidoG,Puesto1009,ANSERMANUEVO,VALLE DEL CAUCA,60
Candidato7,PartidoG,Puesto1015,CAICEDONIA,VALLE DEL CAUCA,95
Candidato7,PartidoG,Puesto1018,CARTAGO,VALLE DEL CAUCA,31
Candidato7,PartidoG,Puesto1026,GUACARÍ,VALLE DEL CAUCA,14
Candidato7,PartidoG,Puesto1038,SEVILLA,VALLE DEL CAUCA,79
Candidato7,PartidoG,Puesto1041,TULUÁ,VALLE DEL CAUCA,16
Candidato7,PartidoG,Puesto1042,ULLOA,VALLE DEL CAUCA,4
Candidato7,PartidoG,Puesto1045,YOTOCO,VALLE DEL CAUCA,53
Candidato7,PartidoG,Puesto105,SEGOVIA,ANTIOQUIA,85
Candidato7,PartidoG,Puesto1059,LA SALINA,CASANARE,88
Candidato7,PartidoG,Puesto1061,MONTERREY,CASANARE,27
Candidato7,PartidoG,Puesto1064,PAZ DE ARIPORO,CASANARE,91
Candidato7,PartidoG,Puesto1068,SÁCAMA,CASANARE,6
Candidato7,PartidoG,Puesto1069,SAN LUIS DE PALENQUE,CASANARE,89
Candidato7,PartidoG,Puesto1075,COLÓN,PUTUMAYO,77
Candidato7,PartidoG,Puesto1079,PUERTO GUZMÁN,PUTUMAYO,59
Candidato7,PartidoG,Puesto1100,INÍRIDA,GUAINÍA,9
Candidato7,PartidoG,Puesto1110,EL RETORNO,GUAVIARE,17
Candidato7,PartidoG,Puesto115,URRAO,ANTIOQUIA,36
Candidato7,PartidoG,Puesto120,VIGÍA DEL FUERTE,ANTIOQUIA,86
Candidato7,PartidoG,Puesto134,MANATÍ,ATLÁNTICO,40
Candidato7,PartidoG,Puesto143,SANTA LUCÍA,ATLÁNTICO,64
Candidato7,PartidoG,Puesto156,BARRANCO DE LOBA,BOLÍVAR,49
Candidato7,PartidoG,Puesto160,CÓRDOBA,BOLÍVAR,59
Candidato7,PartidoG,Puesto163,EL GUAMO,BOLÍVAR,12
Candidato7,PartidoG,Puesto178,SAN ESTANISLAO,BOLÍVAR,27
Candidato7,PartidoG,Puesto18,BELMIRA,ANTIOQUIA,1
Candidato7,PartidoG,Puesto190,TALAIGUA NUEVO,BOLÍVAR,77
Candidato7,PartidoG,Puesto192,TURBACO,BOLÍVAR,83
Candidato7,PartidoG,Puesto196,TUNJA,BOYACÁ,99
Candidato7,PartidoG,Puesto212,CHIQUINQUIRÁ,BOYACÁ,7
Candidato7,PartidoG,Puesto216,CHIVATÁ,BOYACÁ,95
Candidato7,PartidoG,Puesto219,COPER,BOYACÁ,12
Candidato7,PartidoG,Puesto230,FIRAVITOBA,BOYACÁ,41
Candidato7,PartidoG,Puesto235,GUACAMAYAS,BOYACÁ,69
Candidato7,PartidoG,Puesto239,IZA,BOYACÁ,3
Candidato7,PartidoG,Puesto257,OICATÁ,BOYACÁ,84
Candidato7,PartidoG,Puesto271,RAMIRIQUÍ,BOYACÁ,49
Candidato7,PartidoG,Puesto272,RÁQUIRA,BOYACÁ,63
Candidato7,PartidoG,Puesto277,SAN EDUARDO,BOYACÁ,24
Candidato7,PartidoG,Puesto283,SANTANA,BOYACÁ,3
Candidato7,PartidoG,Puesto291,SOCOTÁ,BOYACÁ,36
Candidato7,PartidoG,Puesto308,TOGÜÍ,BOYACÁ,37
Candidato7,PartidoG,Puesto314,TUTAZÁ,BOYACÁ,75
Candidato7,PartidoG,Puesto317,VIRACACHÁ,BOYACÁ,0
Candidato7,PartidoG,Puesto319,MANIZALES,CALDAS,50
Candidato7,PartidoG,Puesto32,CAREPA,ANTIOQUIA,14
Candidato7,PartidoG,Puesto324,CHINCHINÁ,CALDAS,42
Candidato7,PartidoG,Puesto339,SALAMINA,CALDAS,38
Candidato7,PartidoG,Puesto349,CARTAGENA DEL CHAIRÁ,CAQUETÁ,68
Candidato7,PartidoG,Puesto35,CAUCASIA,ANTIOQUIA,8
Candidato7,PartidoG,Puesto360,SOLITA,CAQUETÁ,67
Candidato7,PartidoG,Puesto361,VALPARAÍSO,CAQUETÁ,4
Candidato7,PartidoG,Puesto362,POPAYÁN,CAUCA,74
Candidato7,PartidoG,Puesto364,ARGELIA,CAUCA,52
Candidato7,PartidoG,Puesto380,LÓPEZ DE MICAY,CAUCA,21
Candidato7,PartidoG,Puesto389,PUERTO TEJADA,CAUCA,80
Candidato7,PartidoG,Puesto390,PURACÉ,CAUCA,90
Candidato7,PartidoG,Puesto394,SANTA ROSA,CAUCA,53
Candidato7,PartidoG,Puesto402,TOTORÓ,CAUCA,24
Candidato7,PartidoG,Puesto405,AGUACHICA,CESAR,92
Candidato7,PartidoG,Puesto418,LA JAGUA DE IBIRICO,CESAR,19
Candidato7,PartidoG,Puesto419,MANAURE BALCÓN DEL CESAR,CESAR,34
Candidato7,PartidoG,Puesto431,BUENAVISTA,CÓRDOBA,29
Candidato7,PartidoG,Puesto435,CHINÚ,CÓRDOBA,32
Candidato7,PartidoG,Puesto443,MOÑITOS,CÓRDOBA,11
Candidato7,PartidoG,Puesto445,PUEBLO NUEVO,CÓRDOBA,67
Candidato7,PartidoG,Puesto448,PURÍSIMA DE LA CONCEPCIÓN,CÓRDOBA,90
Candidato7,PartidoG,Puesto45,EL BAGRE,ANTIOQUIA,47
Candidato7,PartidoG,Puesto454,SAN JOSÉ DE URÉ,CÓRDOBA,29
Candidato7,PartidoG,Puesto457,TUCHÍN,CÓRDOBA,89
Candidato7,PartidoG,Puesto473,CHAGUANÍ,CUNDINAMARCA,72
Candidato7,PartidoG,Puesto475,CHIPAQUE,CUNDINAMARCA,95
Candidato7,PartidoG,Puesto477,CHOCONTÁ,CUNDINAMARCA,28
Candidato7,PartidoG,Puesto486,FOSCA,CUNDINAMARCA,63
Candidato7,PartidoG,Puesto496,GUACHETÁ,CUNDINAMARCA,80
Candidato7,PartidoG,Puesto499,GUATAQUÍ,CUNDINAMARCA,0
Candidato7,PartidoG,Puesto511,LENGUAZAQUE,CUNDINAMARCA,68
Candidato7,PartidoG,Puesto539,SAN JUAN DE RIOSECO,CUNDINAMARCA,73
Candidato7,PartidoG,Puesto541,SESQUILÉ,CUNDINAMARCA,60
Candidato7,PartidoG,Puesto55,GUARNE,ANTIOQUIA,90
Candidato7,PartidoG,Puesto552,TABIO,CUNDINAMARCA,3
Candidato7,PartidoG,Puesto57,HELICONIA,ANTIOQUIA,35
Candidato7,PartidoG,Puesto574,ZIPAQUIRÁ,CUNDINAMARCA,38
Candidato7,PartidoG,Puesto582,BOJAYÁ,CHOCÓ,85
Candidato7,PartidoG,Puesto59,ITAGÜÍ,ANTIOQUIA,88
Candidato7,PartidoG,Puesto593,MEDIO BAUDÓ,CHOCÓ,16
Candidato7,PartidoG,Puesto603,UNGUÍA,CHOCÓ,35
Candidato7,PartidoG,Puesto604,UNIÓN PANAMERICANA,CHOCÓ,15
Candidato7,PartidoG,Puesto606,ACEVEDO,HUILA,73
Candidato7,PartidoG,Puesto625,PAICOL,HUILA,8
Candidato7,PartidoG,Puesto630,RIVERA,HUILA,65
Candidato7,PartidoG,Puesto635,TARQUI,HUILA,46
Candidato7,PartidoG,Puesto644,BARRANCAS,LA GUAJIRA,65
Candidato7,PartidoG,Puesto648,FONSECA,LA GUAJIRA,14
Candidato7,PartidoG,Puesto649,HATONUEVO,LA GUAJIRA,73
Candidato7,PartidoG,Puesto650,LA JAGUA DEL PILAR,LA GUAJIRA,31
Candidato7,PartidoG,Puesto656,VILLANUEVA,LA GUAJIRA,12
Candidato7,PartidoG,Puesto663,CIÉNAGA,MAGDALENA,76
Candidato7,PartidoG,Puesto669,GUAMAL,MAGDALENA,74
Candidato7,PartidoG,Puesto68,MACEO,ANTIOQUIA,92
Candidato7,PartidoG,Puesto681,SANTA ANA,MAGDALENA,1
Candidato7,PartidoG,Puesto683,SITIONUEVO,MAGDALENA,38
Candidato7,PartidoG,Puesto688,ACACÍAS,META,15
Candidato7,PartidoG,Puesto69,MARINILLA,ANTIOQUIA,61
Candidato7,PartidoG,Puesto698,GRANADA,META,5
Candidato7,PartidoG,Puesto714,SAN MARTÍN,META,26
Candidato7,PartidoG,Puesto717,ALBÁN,NARIÑO,21
Candidato7,PartidoG,Puesto73,NARIÑO,ANTIOQUIA,14
Candidato7,PartidoG,Puesto738,GUACHUCAL,NARIÑO,56
Candidato7,PartidoG,Puesto744,LA CRUZ,NARIÑO,31
Candidato7,PartidoG,Puesto746,LA LLANADA,NARIÑO,42
Candidato7,PartidoG,Puesto757,OSPINA,NARIÑO,68
Candidato7,PartidoG,Puesto767,SANDONÁ,NARIÑO,34
Candidato7,PartidoG,Puesto768,SAN BERNARDO,NARIÑO,37
Candidato7,PartidoG,Puesto769,SAN LORENZO,NARIÑO,32
Candidato7,PartidoG,Puesto774,SAPUYES,NARIÑO,4
Candidato7,PartidoG,Puesto793,EL TARRA,NORTE DE SANTANDER,62
Candidato7,PartidoG,Puesto794,EL ZULIA,NORTE DE SANTANDER,98
Candidato7,PartidoG,Puesto797,HERRÁN,NORTE DE SANTANDER,43
Candidato7,PartidoG,Puesto802,LOURDES,NORTE DE SANTANDER,56
Candidato7,PartidoG,Puesto819,VILLA DEL ROSARIO,NORTE DE SANTANDER,99
Candidato7,PartidoG,Puesto829,PIJAO,QUINDÍO,58
Candidato7,PartidoG,Puesto838,LA CELIA,RISARALDA,29
Candidato7,PartidoG,Puesto841,MISTRATÓ,RISARALDA,70
Candidato7,PartidoG,Puesto846,BUCARAMANGA,SANTANDER,9
Candidato7,PartidoG,Puesto847,AGUADA,SANTANDER,62
Candidato7,PartidoG,Puesto848,ALBANIA,SANTANDER,3
Candidato7,PartidoG,Puesto850,BARBOSA,SANTANDER,73
Candidato7,PartidoG,Puesto855,CABRERA,SANTANDER,45
Candidato7,PartidoG,Puesto857,CAPITANEJO,SANTANDER,54
Candidato7,PartidoG,Puesto863,CHIMA,SANTANDER,83
Candidato7,PartidoG,Puesto865,CIMITARRA,SANTANDER,49
Candidato7,PartidoG,Puesto868,CONTRATACIÓN,SANTANDER,23
Candidato7,PartidoG,Puesto878,FLORIDABLANCA,SANTANDER,21
Candidato7,PartidoG,Puesto88,SALGAR,ANTIOQUIA,88
Candidato7,PartidoG,Puesto880,GÁMBITA,SANTANDER,28
Candidato7,PartidoG,Puesto896,MÁLAGA,SANTANDER,83
Candidato7,PartidoG,Puesto899,MOLAGAVITA,SANTANDER,25
Candidato7,PartidoG,Puesto900,OCAMONTE,SANTANDER,64
Candidato7,PartidoG,Puesto902,ONZAGA,SANTANDER,21
Candidato7,PartidoG,Puesto910,PUERTO WILCHES,SANTANDER,36
Candidato7,PartidoG,Puesto920,SANTA BÁRBARA,SANTANDER,93
Candidato7,PartidoG,Puesto921,SANTA HELENA DEL OPÓN,SANTANDER,37
Candidato7,PartidoG,Puesto924,SUAITA,SANTANDER,64
Candidato7,PartidoG,Puesto931,VILLANUEVA,SANTANDER,11
Candidato7,PartidoG,Puesto942,GUARANDA,SUCRE,51
Candidato7,PartidoG,Puesto950,SAN BENITO ABAD,SUCRE,4
Candidato7,PartidoG,Puesto954,SAN PEDRO,SUCRE,49
Candidato7,PartidoG,Puesto955,SAN LUIS DE SINCÉ,SUCRE,22
Candidato7,PartidoG,Puesto961,ALVARADO,TOLIMA,98
Candidato7,PartidoG,Puesto97,SAN PEDRO DE URABÁ,ANTIOQUIA,2
Candidato7,PartidoG,Puesto972,CUNDAY,TOLIMA,64
Candidato7,PartidoG,Puesto974,ESPINAL,TOLIMA,87
Candidato7,PartidoG,Puesto998,SAN ANTONIO,TOLIMA,31
